<?xml version="1.0" encoding="UTF-8"?>
<point_cloud version="1.2.0">
  <tracks path="tracks.ply" count="29218"/>
  <points path="points.ply" count="19616"/>
  <projections camera_id="0" path="p0.ply" count="7320"/>
  <projections camera_id="1" path="p1.ply" count="7547"/>
  <projections camera_id="2" path="p2.ply" count="7539"/>
  <projections camera_id="3" path="p3.ply" count="8248"/>
  <projections camera_id="4" path="p4.ply" count="6905"/>
  <projections camera_id="5" path="p5.ply" count="7246"/>
  <projections camera_id="6" path="p6.ply" count="8075"/>
  <projections camera_id="7" path="p7.ply" count="6812"/>
  <projections camera_id="8" path="p8.ply" count="6283"/>
  <projections camera_id="9" path="p9.ply" count="6898"/>
  <projections camera_id="10" path="p10.ply" count="7524"/>
  <projections camera_id="11" path="p11.ply" count="6642"/>
  <projections camera_id="12" path="p12.ply" count="6767"/>
  <projections camera_id="13" path="p13.ply" count="5653"/>
  <projections camera_id="14" path="p14.ply" count="5405"/>
  <projections camera_id="15" path="p15.ply" count="4523"/>
  <projections camera_id="16" path="p16.ply" count="4453"/>
  <projections camera_id="17" path="p17.ply" count="4458"/>
  <projections camera_id="18" path="p18.ply" count="4996"/>
  <projections camera_id="19" path="p19.ply" count="6214"/>
  <projections camera_id="20" path="p20.ply" count="6430"/>
  <projections camera_id="21" path="p21.ply" count="6469"/>
  <projections camera_id="22" path="p22.ply" count="6177"/>
  <projections camera_id="23" path="p23.ply" count="7416"/>
  <projections camera_id="24" path="p24.ply" count="6095"/>
  <projections camera_id="25" path="p25.ply" count="7640"/>
  <projections camera_id="26" path="p26.ply" count="6943"/>
  <projections camera_id="27" path="p27.ply" count="7343"/>
  <projections camera_id="28" path="p28.ply" count="6593"/>
  <projections camera_id="29" path="p29.ply" count="6792"/>
  <projections camera_id="30" path="p30.ply" count="6603"/>
  <projections camera_id="31" path="p31.ply" count="6866"/>
  <projections camera_id="32" path="p32.ply" count="6064"/>
  <projections camera_id="33" path="p33.ply" count="4893"/>
  <projections camera_id="34" path="p34.ply" count="4682"/>
  <projections camera_id="35" path="p35.ply" count="4490"/>
  <projections camera_id="36" path="p36.ply" count="4576"/>
  <projections camera_id="37" path="p37.ply" count="4696"/>
  <projections camera_id="38" path="p38.ply" count="4491"/>
  <projections camera_id="39" path="p39.ply" count="4698"/>
  <projections camera_id="40" path="p40.ply" count="6325"/>
  <projections camera_id="41" path="p41.ply" count="6419"/>
  <projections camera_id="42" path="p42.ply" count="6592"/>
  <projections camera_id="43" path="p43.ply" count="6174"/>
  <projections camera_id="44" path="p44.ply" count="2102"/>
  <projections camera_id="45" path="p45.ply" count="5361"/>
  <projections camera_id="46" path="p46.ply" count="4647"/>
  <projections camera_id="47" path="p47.ply" count="4039"/>
  <projections camera_id="48" path="p48.ply" count="5113"/>
  <projections camera_id="49" path="p49.ply" count="4837"/>
  <projections camera_id="50" path="p50.ply" count="4413"/>
  <projections camera_id="51" path="p51.ply" count="4547"/>
  <projections camera_id="52" path="p52.ply" count="4423"/>
  <projections camera_id="53" path="p53.ply" count="4417"/>
  <projections camera_id="54" path="p54.ply" count="4782"/>
  <projections camera_id="55" path="p55.ply" count="4636"/>
  <projections camera_id="56" path="p56.ply" count="4235"/>
  <projections camera_id="57" path="p57.ply" count="6770"/>
  <projections camera_id="58" path="p58.ply" count="7191"/>
  <projections camera_id="59" path="p59.ply" count="6565"/>
  <projections camera_id="60" path="p60.ply" count="4261"/>
  <projections camera_id="61" path="p61.ply" count="4225"/>
  <projections camera_id="62" path="p62.ply" count="4416"/>
  <projections camera_id="63" path="p63.ply" count="4694"/>
  <projections camera_id="64" path="p64.ply" count="4713"/>
  <projections camera_id="65" path="p65.ply" count="4466"/>
  <projections camera_id="66" path="p66.ply" count="5324"/>
  <projections camera_id="67" path="p67.ply" count="5367"/>
  <projections camera_id="68" path="p68.ply" count="5178"/>
  <projections camera_id="69" path="p69.ply" count="4878"/>
  <projections camera_id="70" path="p70.ply" count="4420"/>
  <projections camera_id="71" path="p71.ply" count="5806"/>
  <projections camera_id="72" path="p72.ply" count="5323"/>
  <projections camera_id="73" path="p73.ply" count="5753"/>
  <projections camera_id="74" path="p74.ply" count="5131"/>
  <projections camera_id="75" path="p75.ply" count="5138"/>
  <projections camera_id="76" path="p76.ply" count="5257"/>
  <meta>
    <property name="match/duration" value="1357.385697"/>
    <property name="match/match_downscale" value="2"/>
    <property name="match/match_filter_mask" value="false"/>
    <property name="match/match_point_limit" value="40000"/>
    <property name="match/match_select_pairs" value="1"/>
    <property name="match/match_tiepoint_limit" value="4000"/>
  </meta>
</point_cloud>
