<?xml version="1.0" encoding="UTF-8"?>
<frame>
  <cameras>
    <camera camera_id="0">
      <photo path="../../../Photos (5)/IMG_20161030_133548.jpg">
        <meta>
          <property name="Exif/ApertureValue" value="2"/>
          <property name="Exif/DateTime" value="2016:10:30 13:35:48"/>
          <property name="Exif/DateTimeOriginal" value="2016:10:30 13:35:48"/>
          <property name="Exif/ExposureTime" value="0.01"/>
          <property name="Exif/FNumber" value="2"/>
          <property name="Exif/FocalLength" value="4.26"/>
          <property name="Exif/FocalLengthIn35mmFilm" value="25"/>
          <property name="Exif/ISOSpeedRatings" value="125"/>
          <property name="Exif/Make" value="OnePlus"/>
          <property name="Exif/Model" value="ONEPLUS A3003"/>
          <property name="Exif/ShutterSpeedValue" value="6.643"/>
          <property name="Exif/Software" value="OnePlus3-user 6.0.1 MMB29M 26 dev-keys"/>
          <property name="File/ImageHeight" value="4640"/>
          <property name="File/ImageWidth" value="2610"/>
          <property name="System/FileModifyDate" value="2016:10:30 13:35:48"/>
          <property name="System/FileSize" value="3506114"/>
        </meta>
      </photo>
    </camera>
    <camera camera_id="1">
      <photo path="../../../Photos (5)/IMG_20161030_133549.jpg">
        <meta>
          <property name="Exif/ApertureValue" value="2"/>
          <property name="Exif/DateTime" value="2016:10:30 13:35:49"/>
          <property name="Exif/DateTimeOriginal" value="2016:10:30 13:35:49"/>
          <property name="Exif/ExposureTime" value="0.01"/>
          <property name="Exif/FNumber" value="2"/>
          <property name="Exif/FocalLength" value="4.26"/>
          <property name="Exif/FocalLengthIn35mmFilm" value="25"/>
          <property name="Exif/ISOSpeedRatings" value="125"/>
          <property name="Exif/Make" value="OnePlus"/>
          <property name="Exif/Model" value="ONEPLUS A3003"/>
          <property name="Exif/ShutterSpeedValue" value="6.643"/>
          <property name="Exif/Software" value="OnePlus3-user 6.0.1 MMB29M 26 dev-keys"/>
          <property name="File/ImageHeight" value="4640"/>
          <property name="File/ImageWidth" value="2610"/>
          <property name="System/FileModifyDate" value="2016:10:30 13:35:48"/>
          <property name="System/FileSize" value="3394698"/>
        </meta>
      </photo>
    </camera>
    <camera camera_id="2">
      <photo path="../../../Photos (5)/IMG_20161030_133550.jpg">
        <meta>
          <property name="Exif/ApertureValue" value="2"/>
          <property name="Exif/DateTime" value="2016:10:30 13:35:50"/>
          <property name="Exif/DateTimeOriginal" value="2016:10:30 13:35:50"/>
          <property name="Exif/ExposureTime" value="0.0099009900990099"/>
          <property name="Exif/FNumber" value="2"/>
          <property name="Exif/FocalLength" value="4.26"/>
          <property name="Exif/FocalLengthIn35mmFilm" value="25"/>
          <property name="Exif/ISOSpeedRatings" value="100"/>
          <property name="Exif/Make" value="OnePlus"/>
          <property name="Exif/Model" value="ONEPLUS A3003"/>
          <property name="Exif/ShutterSpeedValue" value="6.661"/>
          <property name="Exif/Software" value="OnePlus3-user 6.0.1 MMB29M 26 dev-keys"/>
          <property name="File/ImageHeight" value="4640"/>
          <property name="File/ImageWidth" value="2610"/>
          <property name="System/FileModifyDate" value="2016:10:30 13:35:50"/>
          <property name="System/FileSize" value="3385192"/>
        </meta>
      </photo>
    </camera>
    <camera camera_id="3">
      <photo path="../../../Photos (5)/IMG_20161030_133551.jpg">
        <meta>
          <property name="Exif/ApertureValue" value="2"/>
          <property name="Exif/DateTime" value="2016:10:30 13:35:51"/>
          <property name="Exif/DateTimeOriginal" value="2016:10:30 13:35:51"/>
          <property name="Exif/ExposureTime" value="0.00961538461538462"/>
          <property name="Exif/FNumber" value="2"/>
          <property name="Exif/FocalLength" value="4.26"/>
          <property name="Exif/FocalLengthIn35mmFilm" value="25"/>
          <property name="Exif/ISOSpeedRatings" value="100"/>
          <property name="Exif/Make" value="OnePlus"/>
          <property name="Exif/Model" value="ONEPLUS A3003"/>
          <property name="Exif/ShutterSpeedValue" value="6.703"/>
          <property name="Exif/Software" value="OnePlus3-user 6.0.1 MMB29M 26 dev-keys"/>
          <property name="File/ImageHeight" value="4640"/>
          <property name="File/ImageWidth" value="2610"/>
          <property name="System/FileModifyDate" value="2016:10:30 13:35:50"/>
          <property name="System/FileSize" value="2711995"/>
        </meta>
      </photo>
    </camera>
    <camera camera_id="4">
      <photo path="../../../Photos (5)/IMG_20161030_133552.jpg">
        <meta>
          <property name="Exif/ApertureValue" value="2"/>
          <property name="Exif/DateTime" value="2016:10:30 13:35:52"/>
          <property name="Exif/DateTimeOriginal" value="2016:10:30 13:35:52"/>
          <property name="Exif/ExposureTime" value="0.00961538461538462"/>
          <property name="Exif/FNumber" value="2"/>
          <property name="Exif/FocalLength" value="4.26"/>
          <property name="Exif/FocalLengthIn35mmFilm" value="25"/>
          <property name="Exif/ISOSpeedRatings" value="100"/>
          <property name="Exif/Make" value="OnePlus"/>
          <property name="Exif/Model" value="ONEPLUS A3003"/>
          <property name="Exif/ShutterSpeedValue" value="6.703"/>
          <property name="Exif/Software" value="OnePlus3-user 6.0.1 MMB29M 26 dev-keys"/>
          <property name="File/ImageHeight" value="4640"/>
          <property name="File/ImageWidth" value="2610"/>
          <property name="System/FileModifyDate" value="2016:10:30 13:35:52"/>
          <property name="System/FileSize" value="4038174"/>
        </meta>
      </photo>
    </camera>
    <camera camera_id="5">
      <photo path="../../../Photos (5)/IMG_20161030_133553.jpg">
        <meta>
          <property name="Exif/ApertureValue" value="2"/>
          <property name="Exif/DateTime" value="2016:10:30 13:35:53"/>
          <property name="Exif/DateTimeOriginal" value="2016:10:30 13:35:53"/>
          <property name="Exif/ExposureTime" value="0.00961538461538462"/>
          <property name="Exif/FNumber" value="2"/>
          <property name="Exif/FocalLength" value="4.26"/>
          <property name="Exif/FocalLengthIn35mmFilm" value="25"/>
          <property name="Exif/ISOSpeedRatings" value="100"/>
          <property name="Exif/Make" value="OnePlus"/>
          <property name="Exif/Model" value="ONEPLUS A3003"/>
          <property name="Exif/ShutterSpeedValue" value="6.703"/>
          <property name="Exif/Software" value="OnePlus3-user 6.0.1 MMB29M 26 dev-keys"/>
          <property name="File/ImageHeight" value="4640"/>
          <property name="File/ImageWidth" value="2610"/>
          <property name="System/FileModifyDate" value="2016:10:30 13:35:52"/>
          <property name="System/FileSize" value="3553966"/>
        </meta>
      </photo>
    </camera>
    <camera camera_id="6">
      <photo path="../../../Photos (5)/IMG_20161030_133554.jpg">
        <meta>
          <property name="Exif/ApertureValue" value="2"/>
          <property name="Exif/DateTime" value="2016:10:30 13:35:54"/>
          <property name="Exif/DateTimeOriginal" value="2016:10:30 13:35:54"/>
          <property name="Exif/ExposureTime" value="0.00934579439252336"/>
          <property name="Exif/FNumber" value="2"/>
          <property name="Exif/FocalLength" value="4.26"/>
          <property name="Exif/FocalLengthIn35mmFilm" value="25"/>
          <property name="Exif/ISOSpeedRatings" value="100"/>
          <property name="Exif/Make" value="OnePlus"/>
          <property name="Exif/Model" value="ONEPLUS A3003"/>
          <property name="Exif/ShutterSpeedValue" value="6.745"/>
          <property name="Exif/Software" value="OnePlus3-user 6.0.1 MMB29M 26 dev-keys"/>
          <property name="File/ImageHeight" value="4640"/>
          <property name="File/ImageWidth" value="2610"/>
          <property name="System/FileModifyDate" value="2016:10:30 13:35:54"/>
          <property name="System/FileSize" value="2913565"/>
        </meta>
      </photo>
    </camera>
    <camera camera_id="7">
      <photo path="../../../Photos (5)/IMG_20161030_133554_01.jpg">
        <meta>
          <property name="Exif/ApertureValue" value="2"/>
          <property name="Exif/DateTime" value="2016:10:30 13:35:54"/>
          <property name="Exif/DateTimeOriginal" value="2016:10:30 13:35:54"/>
          <property name="Exif/ExposureTime" value="0.00934579439252336"/>
          <property name="Exif/FNumber" value="2"/>
          <property name="Exif/FocalLength" value="4.26"/>
          <property name="Exif/FocalLengthIn35mmFilm" value="25"/>
          <property name="Exif/ISOSpeedRatings" value="100"/>
          <property name="Exif/Make" value="OnePlus"/>
          <property name="Exif/Model" value="ONEPLUS A3003"/>
          <property name="Exif/ShutterSpeedValue" value="6.745"/>
          <property name="Exif/Software" value="OnePlus3-user 6.0.1 MMB29M 26 dev-keys"/>
          <property name="File/ImageHeight" value="4640"/>
          <property name="File/ImageWidth" value="2610"/>
          <property name="System/FileModifyDate" value="2016:10:30 13:35:54"/>
          <property name="System/FileSize" value="2070607"/>
        </meta>
      </photo>
    </camera>
    <camera camera_id="8">
      <photo path="../../../Photos (5)/IMG_20161030_133556.jpg">
        <meta>
          <property name="Exif/ApertureValue" value="2"/>
          <property name="Exif/DateTime" value="2016:10:30 13:35:56"/>
          <property name="Exif/DateTimeOriginal" value="2016:10:30 13:35:56"/>
          <property name="Exif/ExposureTime" value="0.01"/>
          <property name="Exif/FNumber" value="2"/>
          <property name="Exif/FocalLength" value="4.26"/>
          <property name="Exif/FocalLengthIn35mmFilm" value="25"/>
          <property name="Exif/ISOSpeedRatings" value="125"/>
          <property name="Exif/Make" value="OnePlus"/>
          <property name="Exif/Model" value="ONEPLUS A3003"/>
          <property name="Exif/ShutterSpeedValue" value="6.643"/>
          <property name="Exif/Software" value="OnePlus3-user 6.0.1 MMB29M 26 dev-keys"/>
          <property name="File/ImageHeight" value="4640"/>
          <property name="File/ImageWidth" value="2610"/>
          <property name="System/FileModifyDate" value="2016:10:30 13:35:56"/>
          <property name="System/FileSize" value="3778914"/>
        </meta>
      </photo>
    </camera>
    <camera camera_id="9">
      <photo path="../../../Photos (5)/IMG_20161030_133557.jpg">
        <meta>
          <property name="Exif/ApertureValue" value="2"/>
          <property name="Exif/DateTime" value="2016:10:30 13:35:57"/>
          <property name="Exif/DateTimeOriginal" value="2016:10:30 13:35:57"/>
          <property name="Exif/ExposureTime" value="0.0099009900990099"/>
          <property name="Exif/FNumber" value="2"/>
          <property name="Exif/FocalLength" value="4.26"/>
          <property name="Exif/FocalLengthIn35mmFilm" value="25"/>
          <property name="Exif/ISOSpeedRatings" value="100"/>
          <property name="Exif/Make" value="OnePlus"/>
          <property name="Exif/Model" value="ONEPLUS A3003"/>
          <property name="Exif/ShutterSpeedValue" value="6.661"/>
          <property name="Exif/Software" value="OnePlus3-user 6.0.1 MMB29M 26 dev-keys"/>
          <property name="File/ImageHeight" value="4640"/>
          <property name="File/ImageWidth" value="2610"/>
          <property name="System/FileModifyDate" value="2016:10:30 13:35:56"/>
          <property name="System/FileSize" value="3577637"/>
        </meta>
      </photo>
    </camera>
    <camera camera_id="10">
      <photo path="../../../Photos (5)/IMG_20161030_133558.jpg">
        <meta>
          <property name="Exif/ApertureValue" value="2"/>
          <property name="Exif/DateTime" value="2016:10:30 13:35:58"/>
          <property name="Exif/DateTimeOriginal" value="2016:10:30 13:35:58"/>
          <property name="Exif/ExposureTime" value="0.00961538461538462"/>
          <property name="Exif/FNumber" value="2"/>
          <property name="Exif/FocalLength" value="4.26"/>
          <property name="Exif/FocalLengthIn35mmFilm" value="25"/>
          <property name="Exif/ISOSpeedRatings" value="100"/>
          <property name="Exif/Make" value="OnePlus"/>
          <property name="Exif/Model" value="ONEPLUS A3003"/>
          <property name="Exif/ShutterSpeedValue" value="6.703"/>
          <property name="Exif/Software" value="OnePlus3-user 6.0.1 MMB29M 26 dev-keys"/>
          <property name="File/ImageHeight" value="4640"/>
          <property name="File/ImageWidth" value="2610"/>
          <property name="System/FileModifyDate" value="2016:10:30 13:35:58"/>
          <property name="System/FileSize" value="2978211"/>
        </meta>
      </photo>
    </camera>
    <camera camera_id="11">
      <photo path="../../../Photos (5)/IMG_20161030_133559.jpg">
        <meta>
          <property name="Exif/ApertureValue" value="2"/>
          <property name="Exif/DateTime" value="2016:10:30 13:35:59"/>
          <property name="Exif/DateTimeOriginal" value="2016:10:30 13:35:59"/>
          <property name="Exif/ExposureTime" value="0.0099009900990099"/>
          <property name="Exif/FNumber" value="2"/>
          <property name="Exif/FocalLength" value="4.26"/>
          <property name="Exif/FocalLengthIn35mmFilm" value="25"/>
          <property name="Exif/ISOSpeedRatings" value="100"/>
          <property name="Exif/Make" value="OnePlus"/>
          <property name="Exif/Model" value="ONEPLUS A3003"/>
          <property name="Exif/ShutterSpeedValue" value="6.661"/>
          <property name="Exif/Software" value="OnePlus3-user 6.0.1 MMB29M 26 dev-keys"/>
          <property name="File/ImageHeight" value="4640"/>
          <property name="File/ImageWidth" value="2610"/>
          <property name="System/FileModifyDate" value="2016:10:30 13:35:58"/>
          <property name="System/FileSize" value="3297314"/>
        </meta>
      </photo>
    </camera>
    <camera camera_id="12">
      <photo path="../../../Photos (5)/IMG_20161030_133600.jpg">
        <meta>
          <property name="Exif/ApertureValue" value="2"/>
          <property name="Exif/DateTime" value="2016:10:30 13:36:00"/>
          <property name="Exif/DateTimeOriginal" value="2016:10:30 13:36:00"/>
          <property name="Exif/ExposureTime" value="0.00934579439252336"/>
          <property name="Exif/FNumber" value="2"/>
          <property name="Exif/FocalLength" value="4.26"/>
          <property name="Exif/FocalLengthIn35mmFilm" value="25"/>
          <property name="Exif/ISOSpeedRatings" value="100"/>
          <property name="Exif/Make" value="OnePlus"/>
          <property name="Exif/Model" value="ONEPLUS A3003"/>
          <property name="Exif/ShutterSpeedValue" value="6.745"/>
          <property name="Exif/Software" value="OnePlus3-user 6.0.1 MMB29M 26 dev-keys"/>
          <property name="File/ImageHeight" value="4640"/>
          <property name="File/ImageWidth" value="2610"/>
          <property name="System/FileModifyDate" value="2016:10:30 13:36:00"/>
          <property name="System/FileSize" value="3059703"/>
        </meta>
      </photo>
    </camera>
    <camera camera_id="13">
      <photo path="../../../Photos (5)/IMG_20161030_133601.jpg">
        <meta>
          <property name="Exif/ApertureValue" value="2"/>
          <property name="Exif/DateTime" value="2016:10:30 13:36:01"/>
          <property name="Exif/DateTimeOriginal" value="2016:10:30 13:36:01"/>
          <property name="Exif/ExposureTime" value="0.00961538461538462"/>
          <property name="Exif/FNumber" value="2"/>
          <property name="Exif/FocalLength" value="4.26"/>
          <property name="Exif/FocalLengthIn35mmFilm" value="25"/>
          <property name="Exif/ISOSpeedRatings" value="100"/>
          <property name="Exif/Make" value="OnePlus"/>
          <property name="Exif/Model" value="ONEPLUS A3003"/>
          <property name="Exif/ShutterSpeedValue" value="6.703"/>
          <property name="Exif/Software" value="OnePlus3-user 6.0.1 MMB29M 26 dev-keys"/>
          <property name="File/ImageHeight" value="4640"/>
          <property name="File/ImageWidth" value="2610"/>
          <property name="System/FileModifyDate" value="2016:10:30 13:36:00"/>
          <property name="System/FileSize" value="3527317"/>
        </meta>
      </photo>
    </camera>
    <camera camera_id="14">
      <photo path="../../../Photos (5)/IMG_20161030_133603.jpg">
        <meta>
          <property name="Exif/ApertureValue" value="2"/>
          <property name="Exif/DateTime" value="2016:10:30 13:36:02"/>
          <property name="Exif/DateTimeOriginal" value="2016:10:30 13:36:02"/>
          <property name="Exif/ExposureTime" value="0.00934579439252336"/>
          <property name="Exif/FNumber" value="2"/>
          <property name="Exif/FocalLength" value="4.26"/>
          <property name="Exif/FocalLengthIn35mmFilm" value="25"/>
          <property name="Exif/ISOSpeedRatings" value="100"/>
          <property name="Exif/Make" value="OnePlus"/>
          <property name="Exif/Model" value="ONEPLUS A3003"/>
          <property name="Exif/ShutterSpeedValue" value="6.745"/>
          <property name="Exif/Software" value="OnePlus3-user 6.0.1 MMB29M 26 dev-keys"/>
          <property name="File/ImageHeight" value="4640"/>
          <property name="File/ImageWidth" value="2610"/>
          <property name="System/FileModifyDate" value="2016:10:30 13:36:02"/>
          <property name="System/FileSize" value="3058458"/>
        </meta>
      </photo>
    </camera>
    <camera camera_id="15">
      <photo path="../../../Photos (5)/IMG_20161030_133604.jpg">
        <meta>
          <property name="Exif/ApertureValue" value="2"/>
          <property name="Exif/DateTime" value="2016:10:30 13:36:03"/>
          <property name="Exif/DateTimeOriginal" value="2016:10:30 13:36:03"/>
          <property name="Exif/ExposureTime" value="0.0099009900990099"/>
          <property name="Exif/FNumber" value="2"/>
          <property name="Exif/FocalLength" value="4.26"/>
          <property name="Exif/FocalLengthIn35mmFilm" value="25"/>
          <property name="Exif/ISOSpeedRatings" value="100"/>
          <property name="Exif/Make" value="OnePlus"/>
          <property name="Exif/Model" value="ONEPLUS A3003"/>
          <property name="Exif/ShutterSpeedValue" value="6.661"/>
          <property name="Exif/Software" value="OnePlus3-user 6.0.1 MMB29M 26 dev-keys"/>
          <property name="File/ImageHeight" value="4640"/>
          <property name="File/ImageWidth" value="2610"/>
          <property name="System/FileModifyDate" value="2016:10:30 13:36:02"/>
          <property name="System/FileSize" value="3345649"/>
        </meta>
      </photo>
    </camera>
    <camera camera_id="16">
      <photo path="../../../Photos (5)/IMG_20161030_133604_01.jpg">
        <meta>
          <property name="Exif/ApertureValue" value="2"/>
          <property name="Exif/DateTime" value="2016:10:30 13:36:04"/>
          <property name="Exif/DateTimeOriginal" value="2016:10:30 13:36:04"/>
          <property name="Exif/ExposureTime" value="0.00909090909090909"/>
          <property name="Exif/FNumber" value="2"/>
          <property name="Exif/FocalLength" value="4.26"/>
          <property name="Exif/FocalLengthIn35mmFilm" value="25"/>
          <property name="Exif/ISOSpeedRatings" value="100"/>
          <property name="Exif/Make" value="OnePlus"/>
          <property name="Exif/Model" value="ONEPLUS A3003"/>
          <property name="Exif/ShutterSpeedValue" value="6.786"/>
          <property name="Exif/Software" value="OnePlus3-user 6.0.1 MMB29M 26 dev-keys"/>
          <property name="File/ImageHeight" value="4640"/>
          <property name="File/ImageWidth" value="2610"/>
          <property name="System/FileModifyDate" value="2016:10:30 13:36:04"/>
          <property name="System/FileSize" value="3657187"/>
        </meta>
      </photo>
    </camera>
    <camera camera_id="17">
      <photo path="../../../Photos (5)/IMG_20161030_133605.jpg">
        <meta>
          <property name="Exif/ApertureValue" value="2"/>
          <property name="Exif/DateTime" value="2016:10:30 13:36:05"/>
          <property name="Exif/DateTimeOriginal" value="2016:10:30 13:36:05"/>
          <property name="Exif/ExposureTime" value="0.00909090909090909"/>
          <property name="Exif/FNumber" value="2"/>
          <property name="Exif/FocalLength" value="4.26"/>
          <property name="Exif/FocalLengthIn35mmFilm" value="25"/>
          <property name="Exif/ISOSpeedRatings" value="100"/>
          <property name="Exif/Make" value="OnePlus"/>
          <property name="Exif/Model" value="ONEPLUS A3003"/>
          <property name="Exif/ShutterSpeedValue" value="6.786"/>
          <property name="Exif/Software" value="OnePlus3-user 6.0.1 MMB29M 26 dev-keys"/>
          <property name="File/ImageHeight" value="4640"/>
          <property name="File/ImageWidth" value="2610"/>
          <property name="System/FileModifyDate" value="2016:10:30 13:36:04"/>
          <property name="System/FileSize" value="3879983"/>
        </meta>
      </photo>
    </camera>
    <camera camera_id="18">
      <photo path="../../../Photos (5)/IMG_20161030_133606.jpg">
        <meta>
          <property name="Exif/ApertureValue" value="2"/>
          <property name="Exif/DateTime" value="2016:10:30 13:36:06"/>
          <property name="Exif/DateTimeOriginal" value="2016:10:30 13:36:06"/>
          <property name="Exif/ExposureTime" value="0.00909090909090909"/>
          <property name="Exif/FNumber" value="2"/>
          <property name="Exif/FocalLength" value="4.26"/>
          <property name="Exif/FocalLengthIn35mmFilm" value="25"/>
          <property name="Exif/ISOSpeedRatings" value="100"/>
          <property name="Exif/Make" value="OnePlus"/>
          <property name="Exif/Model" value="ONEPLUS A3003"/>
          <property name="Exif/ShutterSpeedValue" value="6.786"/>
          <property name="Exif/Software" value="OnePlus3-user 6.0.1 MMB29M 26 dev-keys"/>
          <property name="File/ImageHeight" value="4640"/>
          <property name="File/ImageWidth" value="2610"/>
          <property name="System/FileModifyDate" value="2016:10:30 13:36:06"/>
          <property name="System/FileSize" value="2749904"/>
        </meta>
      </photo>
    </camera>
    <camera camera_id="19">
      <photo path="../../../Photos (5)/IMG_20161030_133607.jpg">
        <meta>
          <property name="Exif/ApertureValue" value="2"/>
          <property name="Exif/DateTime" value="2016:10:30 13:36:07"/>
          <property name="Exif/DateTimeOriginal" value="2016:10:30 13:36:07"/>
          <property name="Exif/ExposureTime" value="0.00909090909090909"/>
          <property name="Exif/FNumber" value="2"/>
          <property name="Exif/FocalLength" value="4.26"/>
          <property name="Exif/FocalLengthIn35mmFilm" value="25"/>
          <property name="Exif/ISOSpeedRatings" value="100"/>
          <property name="Exif/Make" value="OnePlus"/>
          <property name="Exif/Model" value="ONEPLUS A3003"/>
          <property name="Exif/ShutterSpeedValue" value="6.786"/>
          <property name="Exif/Software" value="OnePlus3-user 6.0.1 MMB29M 26 dev-keys"/>
          <property name="File/ImageHeight" value="4640"/>
          <property name="File/ImageWidth" value="2610"/>
          <property name="System/FileModifyDate" value="2016:10:30 13:36:06"/>
          <property name="System/FileSize" value="2827916"/>
        </meta>
      </photo>
    </camera>
    <camera camera_id="20">
      <photo path="../../../Photos (5)/IMG_20161030_133608.jpg">
        <meta>
          <property name="Exif/ApertureValue" value="2"/>
          <property name="Exif/DateTime" value="2016:10:30 13:36:08"/>
          <property name="Exif/DateTimeOriginal" value="2016:10:30 13:36:08"/>
          <property name="Exif/ExposureTime" value="0.00934579439252336"/>
          <property name="Exif/FNumber" value="2"/>
          <property name="Exif/FocalLength" value="4.26"/>
          <property name="Exif/FocalLengthIn35mmFilm" value="25"/>
          <property name="Exif/ISOSpeedRatings" value="100"/>
          <property name="Exif/Make" value="OnePlus"/>
          <property name="Exif/Model" value="ONEPLUS A3003"/>
          <property name="Exif/ShutterSpeedValue" value="6.745"/>
          <property name="Exif/Software" value="OnePlus3-user 6.0.1 MMB29M 26 dev-keys"/>
          <property name="File/ImageHeight" value="4640"/>
          <property name="File/ImageWidth" value="2610"/>
          <property name="System/FileModifyDate" value="2016:10:30 13:36:08"/>
          <property name="System/FileSize" value="3047917"/>
        </meta>
      </photo>
    </camera>
    <camera camera_id="21">
      <photo path="../../../Photos (5)/IMG_20161030_133609.jpg">
        <meta>
          <property name="Exif/ApertureValue" value="2"/>
          <property name="Exif/DateTime" value="2016:10:30 13:36:08"/>
          <property name="Exif/DateTimeOriginal" value="2016:10:30 13:36:08"/>
          <property name="Exif/ExposureTime" value="0.00934579439252336"/>
          <property name="Exif/FNumber" value="2"/>
          <property name="Exif/FocalLength" value="4.26"/>
          <property name="Exif/FocalLengthIn35mmFilm" value="25"/>
          <property name="Exif/ISOSpeedRatings" value="100"/>
          <property name="Exif/Make" value="OnePlus"/>
          <property name="Exif/Model" value="ONEPLUS A3003"/>
          <property name="Exif/ShutterSpeedValue" value="6.745"/>
          <property name="Exif/Software" value="OnePlus3-user 6.0.1 MMB29M 26 dev-keys"/>
          <property name="File/ImageHeight" value="4640"/>
          <property name="File/ImageWidth" value="2610"/>
          <property name="System/FileModifyDate" value="2016:10:30 13:36:08"/>
          <property name="System/FileSize" value="2775176"/>
        </meta>
      </photo>
    </camera>
    <camera camera_id="22">
      <photo path="../../../Photos (5)/IMG_20161030_133610.jpg">
        <meta>
          <property name="Exif/ApertureValue" value="2"/>
          <property name="Exif/DateTime" value="2016:10:30 13:36:09"/>
          <property name="Exif/DateTimeOriginal" value="2016:10:30 13:36:09"/>
          <property name="Exif/ExposureTime" value="0.00934579439252336"/>
          <property name="Exif/FNumber" value="2"/>
          <property name="Exif/FocalLength" value="4.26"/>
          <property name="Exif/FocalLengthIn35mmFilm" value="25"/>
          <property name="Exif/ISOSpeedRatings" value="100"/>
          <property name="Exif/Make" value="OnePlus"/>
          <property name="Exif/Model" value="ONEPLUS A3003"/>
          <property name="Exif/ShutterSpeedValue" value="6.745"/>
          <property name="Exif/Software" value="OnePlus3-user 6.0.1 MMB29M 26 dev-keys"/>
          <property name="File/ImageHeight" value="4640"/>
          <property name="File/ImageWidth" value="2610"/>
          <property name="System/FileModifyDate" value="2016:10:30 13:36:08"/>
          <property name="System/FileSize" value="3479436"/>
        </meta>
      </photo>
    </camera>
    <camera camera_id="23">
      <photo path="../../../Photos (5)/IMG_20161030_133610_01.jpg">
        <meta>
          <property name="Exif/ApertureValue" value="2"/>
          <property name="Exif/DateTime" value="2016:10:30 13:36:10"/>
          <property name="Exif/DateTimeOriginal" value="2016:10:30 13:36:10"/>
          <property name="Exif/ExposureTime" value="0.00934579439252336"/>
          <property name="Exif/FNumber" value="2"/>
          <property name="Exif/FocalLength" value="4.26"/>
          <property name="Exif/FocalLengthIn35mmFilm" value="25"/>
          <property name="Exif/ISOSpeedRatings" value="100"/>
          <property name="Exif/Make" value="OnePlus"/>
          <property name="Exif/Model" value="ONEPLUS A3003"/>
          <property name="Exif/ShutterSpeedValue" value="6.745"/>
          <property name="Exif/Software" value="OnePlus3-user 6.0.1 MMB29M 26 dev-keys"/>
          <property name="File/ImageHeight" value="4640"/>
          <property name="File/ImageWidth" value="2610"/>
          <property name="System/FileModifyDate" value="2016:10:30 13:36:10"/>
          <property name="System/FileSize" value="2114971"/>
        </meta>
      </photo>
    </camera>
    <camera camera_id="24">
      <photo path="../../../Photos (5)/IMG_20161030_133611.jpg">
        <meta>
          <property name="Exif/ApertureValue" value="2"/>
          <property name="Exif/DateTime" value="2016:10:30 13:36:11"/>
          <property name="Exif/DateTimeOriginal" value="2016:10:30 13:36:11"/>
          <property name="Exif/ExposureTime" value="0.00961538461538462"/>
          <property name="Exif/FNumber" value="2"/>
          <property name="Exif/FocalLength" value="4.26"/>
          <property name="Exif/FocalLengthIn35mmFilm" value="25"/>
          <property name="Exif/ISOSpeedRatings" value="100"/>
          <property name="Exif/Make" value="OnePlus"/>
          <property name="Exif/Model" value="ONEPLUS A3003"/>
          <property name="Exif/ShutterSpeedValue" value="6.703"/>
          <property name="Exif/Software" value="OnePlus3-user 6.0.1 MMB29M 26 dev-keys"/>
          <property name="File/ImageHeight" value="4640"/>
          <property name="File/ImageWidth" value="2610"/>
          <property name="System/FileModifyDate" value="2016:10:30 13:36:10"/>
          <property name="System/FileSize" value="3351469"/>
        </meta>
      </photo>
    </camera>
    <camera camera_id="25">
      <photo path="../../../Photos (5)/IMG_20161030_133612.jpg">
        <meta>
          <property name="Exif/ApertureValue" value="2"/>
          <property name="Exif/DateTime" value="2016:10:30 13:36:12"/>
          <property name="Exif/DateTimeOriginal" value="2016:10:30 13:36:12"/>
          <property name="Exif/ExposureTime" value="0.01"/>
          <property name="Exif/FNumber" value="2"/>
          <property name="Exif/FocalLength" value="4.26"/>
          <property name="Exif/FocalLengthIn35mmFilm" value="25"/>
          <property name="Exif/ISOSpeedRatings" value="125"/>
          <property name="Exif/Make" value="OnePlus"/>
          <property name="Exif/Model" value="ONEPLUS A3003"/>
          <property name="Exif/ShutterSpeedValue" value="6.643"/>
          <property name="Exif/Software" value="OnePlus3-user 6.0.1 MMB29M 26 dev-keys"/>
          <property name="File/ImageHeight" value="4640"/>
          <property name="File/ImageWidth" value="2610"/>
          <property name="System/FileModifyDate" value="2016:10:30 13:36:12"/>
          <property name="System/FileSize" value="2555188"/>
        </meta>
      </photo>
    </camera>
    <camera camera_id="26">
      <photo path="../../../Photos (5)/IMG_20161030_133613.jpg">
        <meta>
          <property name="Exif/ApertureValue" value="2"/>
          <property name="Exif/DateTime" value="2016:10:30 13:36:13"/>
          <property name="Exif/DateTimeOriginal" value="2016:10:30 13:36:13"/>
          <property name="Exif/ExposureTime" value="0.01"/>
          <property name="Exif/FNumber" value="2"/>
          <property name="Exif/FocalLength" value="4.26"/>
          <property name="Exif/FocalLengthIn35mmFilm" value="25"/>
          <property name="Exif/ISOSpeedRatings" value="125"/>
          <property name="Exif/Make" value="OnePlus"/>
          <property name="Exif/Model" value="ONEPLUS A3003"/>
          <property name="Exif/ShutterSpeedValue" value="6.643"/>
          <property name="Exif/Software" value="OnePlus3-user 6.0.1 MMB29M 26 dev-keys"/>
          <property name="File/ImageHeight" value="4640"/>
          <property name="File/ImageWidth" value="2610"/>
          <property name="System/FileModifyDate" value="2016:10:30 13:36:12"/>
          <property name="System/FileSize" value="2756920"/>
        </meta>
      </photo>
    </camera>
    <camera camera_id="27">
      <photo path="../../../Photos (5)/IMG_20161030_133614.jpg">
        <meta>
          <property name="Exif/ApertureValue" value="2"/>
          <property name="Exif/DateTime" value="2016:10:30 13:36:14"/>
          <property name="Exif/DateTimeOriginal" value="2016:10:30 13:36:14"/>
          <property name="Exif/ExposureTime" value="0.01"/>
          <property name="Exif/FNumber" value="2"/>
          <property name="Exif/FocalLength" value="4.26"/>
          <property name="Exif/FocalLengthIn35mmFilm" value="25"/>
          <property name="Exif/ISOSpeedRatings" value="125"/>
          <property name="Exif/Make" value="OnePlus"/>
          <property name="Exif/Model" value="ONEPLUS A3003"/>
          <property name="Exif/ShutterSpeedValue" value="6.643"/>
          <property name="Exif/Software" value="OnePlus3-user 6.0.1 MMB29M 26 dev-keys"/>
          <property name="File/ImageHeight" value="4640"/>
          <property name="File/ImageWidth" value="2610"/>
          <property name="System/FileModifyDate" value="2016:10:30 13:36:14"/>
          <property name="System/FileSize" value="2510608"/>
        </meta>
      </photo>
    </camera>
    <camera camera_id="28">
      <photo path="../../../Photos (5)/IMG_20161030_133615.jpg">
        <meta>
          <property name="Exif/ApertureValue" value="2"/>
          <property name="Exif/DateTime" value="2016:10:30 13:36:15"/>
          <property name="Exif/DateTimeOriginal" value="2016:10:30 13:36:15"/>
          <property name="Exif/ExposureTime" value="0.01"/>
          <property name="Exif/FNumber" value="2"/>
          <property name="Exif/FocalLength" value="4.26"/>
          <property name="Exif/FocalLengthIn35mmFilm" value="25"/>
          <property name="Exif/ISOSpeedRatings" value="125"/>
          <property name="Exif/Make" value="OnePlus"/>
          <property name="Exif/Model" value="ONEPLUS A3003"/>
          <property name="Exif/ShutterSpeedValue" value="6.643"/>
          <property name="Exif/Software" value="OnePlus3-user 6.0.1 MMB29M 26 dev-keys"/>
          <property name="File/ImageHeight" value="4640"/>
          <property name="File/ImageWidth" value="2610"/>
          <property name="System/FileModifyDate" value="2016:10:30 13:36:14"/>
          <property name="System/FileSize" value="3666162"/>
        </meta>
      </photo>
    </camera>
    <camera camera_id="29">
      <photo path="../../../Photos (5)/IMG_20161030_133616.jpg">
        <meta>
          <property name="Exif/ApertureValue" value="2"/>
          <property name="Exif/DateTime" value="2016:10:30 13:36:16"/>
          <property name="Exif/DateTimeOriginal" value="2016:10:30 13:36:16"/>
          <property name="Exif/ExposureTime" value="0.01"/>
          <property name="Exif/FNumber" value="2"/>
          <property name="Exif/FocalLength" value="4.26"/>
          <property name="Exif/FocalLengthIn35mmFilm" value="25"/>
          <property name="Exif/ISOSpeedRatings" value="125"/>
          <property name="Exif/Make" value="OnePlus"/>
          <property name="Exif/Model" value="ONEPLUS A3003"/>
          <property name="Exif/ShutterSpeedValue" value="6.643"/>
          <property name="Exif/Software" value="OnePlus3-user 6.0.1 MMB29M 26 dev-keys"/>
          <property name="File/ImageHeight" value="4640"/>
          <property name="File/ImageWidth" value="2610"/>
          <property name="System/FileModifyDate" value="2016:10:30 13:36:16"/>
          <property name="System/FileSize" value="3688660"/>
        </meta>
      </photo>
    </camera>
    <camera camera_id="30">
      <photo path="../../../Photos (5)/IMG_20161030_133617.jpg">
        <meta>
          <property name="Exif/ApertureValue" value="2"/>
          <property name="Exif/DateTime" value="2016:10:30 13:36:16"/>
          <property name="Exif/DateTimeOriginal" value="2016:10:30 13:36:16"/>
          <property name="Exif/ExposureTime" value="0.01"/>
          <property name="Exif/FNumber" value="2"/>
          <property name="Exif/FocalLength" value="4.26"/>
          <property name="Exif/FocalLengthIn35mmFilm" value="25"/>
          <property name="Exif/ISOSpeedRatings" value="125"/>
          <property name="Exif/Make" value="OnePlus"/>
          <property name="Exif/Model" value="ONEPLUS A3003"/>
          <property name="Exif/ShutterSpeedValue" value="6.643"/>
          <property name="Exif/Software" value="OnePlus3-user 6.0.1 MMB29M 26 dev-keys"/>
          <property name="File/ImageHeight" value="4640"/>
          <property name="File/ImageWidth" value="2610"/>
          <property name="System/FileModifyDate" value="2016:10:30 13:36:16"/>
          <property name="System/FileSize" value="3624578"/>
        </meta>
      </photo>
    </camera>
    <camera camera_id="31">
      <photo path="../../../Photos (5)/IMG_20161030_133618.jpg">
        <meta>
          <property name="Exif/ApertureValue" value="2"/>
          <property name="Exif/DateTime" value="2016:10:30 13:36:17"/>
          <property name="Exif/DateTimeOriginal" value="2016:10:30 13:36:17"/>
          <property name="Exif/ExposureTime" value="0.01"/>
          <property name="Exif/FNumber" value="2"/>
          <property name="Exif/FocalLength" value="4.26"/>
          <property name="Exif/FocalLengthIn35mmFilm" value="25"/>
          <property name="Exif/ISOSpeedRatings" value="125"/>
          <property name="Exif/Make" value="OnePlus"/>
          <property name="Exif/Model" value="ONEPLUS A3003"/>
          <property name="Exif/ShutterSpeedValue" value="6.643"/>
          <property name="Exif/Software" value="OnePlus3-user 6.0.1 MMB29M 26 dev-keys"/>
          <property name="File/ImageHeight" value="4640"/>
          <property name="File/ImageWidth" value="2610"/>
          <property name="System/FileModifyDate" value="2016:10:30 13:36:16"/>
          <property name="System/FileSize" value="3030149"/>
        </meta>
      </photo>
    </camera>
    <camera camera_id="32">
      <photo path="../../../Photos (5)/IMG_20161030_133618_01.jpg">
        <meta>
          <property name="Exif/ApertureValue" value="2"/>
          <property name="Exif/DateTime" value="2016:10:30 13:36:18"/>
          <property name="Exif/DateTimeOriginal" value="2016:10:30 13:36:18"/>
          <property name="Exif/ExposureTime" value="0.01"/>
          <property name="Exif/FNumber" value="2"/>
          <property name="Exif/FocalLength" value="4.26"/>
          <property name="Exif/FocalLengthIn35mmFilm" value="25"/>
          <property name="Exif/ISOSpeedRatings" value="125"/>
          <property name="Exif/Make" value="OnePlus"/>
          <property name="Exif/Model" value="ONEPLUS A3003"/>
          <property name="Exif/ShutterSpeedValue" value="6.643"/>
          <property name="Exif/Software" value="OnePlus3-user 6.0.1 MMB29M 26 dev-keys"/>
          <property name="File/ImageHeight" value="4640"/>
          <property name="File/ImageWidth" value="2610"/>
          <property name="System/FileModifyDate" value="2016:10:30 13:36:18"/>
          <property name="System/FileSize" value="2321907"/>
        </meta>
      </photo>
    </camera>
    <camera camera_id="33">
      <photo path="../../../Photos (5)/IMG_20161030_133620.jpg">
        <meta>
          <property name="Exif/ApertureValue" value="2"/>
          <property name="Exif/DateTime" value="2016:10:30 13:36:19"/>
          <property name="Exif/DateTimeOriginal" value="2016:10:30 13:36:19"/>
          <property name="Exif/ExposureTime" value="0.01"/>
          <property name="Exif/FNumber" value="2"/>
          <property name="Exif/FocalLength" value="4.26"/>
          <property name="Exif/FocalLengthIn35mmFilm" value="25"/>
          <property name="Exif/ISOSpeedRatings" value="125"/>
          <property name="Exif/Make" value="OnePlus"/>
          <property name="Exif/Model" value="ONEPLUS A3003"/>
          <property name="Exif/ShutterSpeedValue" value="6.643"/>
          <property name="Exif/Software" value="OnePlus3-user 6.0.1 MMB29M 26 dev-keys"/>
          <property name="File/ImageHeight" value="4640"/>
          <property name="File/ImageWidth" value="2610"/>
          <property name="System/FileModifyDate" value="2016:10:30 13:36:18"/>
          <property name="System/FileSize" value="2805680"/>
        </meta>
      </photo>
    </camera>
    <camera camera_id="34">
      <photo path="../../../Photos (5)/IMG_20161030_133620_01.jpg">
        <meta>
          <property name="Exif/ApertureValue" value="2"/>
          <property name="Exif/DateTime" value="2016:10:30 13:36:20"/>
          <property name="Exif/DateTimeOriginal" value="2016:10:30 13:36:20"/>
          <property name="Exif/ExposureTime" value="0.01"/>
          <property name="Exif/FNumber" value="2"/>
          <property name="Exif/FocalLength" value="4.26"/>
          <property name="Exif/FocalLengthIn35mmFilm" value="25"/>
          <property name="Exif/ISOSpeedRatings" value="125"/>
          <property name="Exif/Make" value="OnePlus"/>
          <property name="Exif/Model" value="ONEPLUS A3003"/>
          <property name="Exif/ShutterSpeedValue" value="6.643"/>
          <property name="Exif/Software" value="OnePlus3-user 6.0.1 MMB29M 26 dev-keys"/>
          <property name="File/ImageHeight" value="4640"/>
          <property name="File/ImageWidth" value="2610"/>
          <property name="System/FileModifyDate" value="2016:10:30 13:36:20"/>
          <property name="System/FileSize" value="2362014"/>
        </meta>
      </photo>
    </camera>
    <camera camera_id="35">
      <photo path="../../../Photos (5)/IMG_20161030_133621.jpg">
        <meta>
          <property name="Exif/ApertureValue" value="2"/>
          <property name="Exif/DateTime" value="2016:10:30 13:36:21"/>
          <property name="Exif/DateTimeOriginal" value="2016:10:30 13:36:21"/>
          <property name="Exif/ExposureTime" value="0.01"/>
          <property name="Exif/FNumber" value="2"/>
          <property name="Exif/FocalLength" value="4.26"/>
          <property name="Exif/FocalLengthIn35mmFilm" value="25"/>
          <property name="Exif/ISOSpeedRatings" value="125"/>
          <property name="Exif/Make" value="OnePlus"/>
          <property name="Exif/Model" value="ONEPLUS A3003"/>
          <property name="Exif/ShutterSpeedValue" value="6.643"/>
          <property name="Exif/Software" value="OnePlus3-user 6.0.1 MMB29M 26 dev-keys"/>
          <property name="File/ImageHeight" value="4640"/>
          <property name="File/ImageWidth" value="2610"/>
          <property name="System/FileModifyDate" value="2016:10:30 13:36:20"/>
          <property name="System/FileSize" value="3304358"/>
        </meta>
      </photo>
    </camera>
    <camera camera_id="36">
      <photo path="../../../Photos (5)/IMG_20161030_133622.jpg">
        <meta>
          <property name="Exif/ApertureValue" value="2"/>
          <property name="Exif/DateTime" value="2016:10:30 13:36:22"/>
          <property name="Exif/DateTimeOriginal" value="2016:10:30 13:36:22"/>
          <property name="Exif/ExposureTime" value="0.01"/>
          <property name="Exif/FNumber" value="2"/>
          <property name="Exif/FocalLength" value="4.26"/>
          <property name="Exif/FocalLengthIn35mmFilm" value="25"/>
          <property name="Exif/ISOSpeedRatings" value="125"/>
          <property name="Exif/Make" value="OnePlus"/>
          <property name="Exif/Model" value="ONEPLUS A3003"/>
          <property name="Exif/ShutterSpeedValue" value="6.643"/>
          <property name="Exif/Software" value="OnePlus3-user 6.0.1 MMB29M 26 dev-keys"/>
          <property name="File/ImageHeight" value="4640"/>
          <property name="File/ImageWidth" value="2610"/>
          <property name="System/FileModifyDate" value="2016:10:30 13:36:22"/>
          <property name="System/FileSize" value="3705900"/>
        </meta>
      </photo>
    </camera>
    <camera camera_id="37">
      <photo path="../../../Photos (5)/IMG_20161030_133623.jpg">
        <meta>
          <property name="Exif/ApertureValue" value="2"/>
          <property name="Exif/DateTime" value="2016:10:30 13:36:23"/>
          <property name="Exif/DateTimeOriginal" value="2016:10:30 13:36:23"/>
          <property name="Exif/ExposureTime" value="0.01"/>
          <property name="Exif/FNumber" value="2"/>
          <property name="Exif/FocalLength" value="4.26"/>
          <property name="Exif/FocalLengthIn35mmFilm" value="25"/>
          <property name="Exif/ISOSpeedRatings" value="125"/>
          <property name="Exif/Make" value="OnePlus"/>
          <property name="Exif/Model" value="ONEPLUS A3003"/>
          <property name="Exif/ShutterSpeedValue" value="6.643"/>
          <property name="Exif/Software" value="OnePlus3-user 6.0.1 MMB29M 26 dev-keys"/>
          <property name="File/ImageHeight" value="4640"/>
          <property name="File/ImageWidth" value="2610"/>
          <property name="System/FileModifyDate" value="2016:10:30 13:36:22"/>
          <property name="System/FileSize" value="2961873"/>
        </meta>
      </photo>
    </camera>
    <camera camera_id="38">
      <photo path="../../../Photos (5)/IMG_20161030_133624.jpg">
        <meta>
          <property name="Exif/ApertureValue" value="2"/>
          <property name="Exif/DateTime" value="2016:10:30 13:36:24"/>
          <property name="Exif/DateTimeOriginal" value="2016:10:30 13:36:24"/>
          <property name="Exif/ExposureTime" value="0.01"/>
          <property name="Exif/FNumber" value="2"/>
          <property name="Exif/FocalLength" value="4.26"/>
          <property name="Exif/FocalLengthIn35mmFilm" value="25"/>
          <property name="Exif/ISOSpeedRatings" value="125"/>
          <property name="Exif/Make" value="OnePlus"/>
          <property name="Exif/Model" value="ONEPLUS A3003"/>
          <property name="Exif/ShutterSpeedValue" value="6.643"/>
          <property name="Exif/Software" value="OnePlus3-user 6.0.1 MMB29M 26 dev-keys"/>
          <property name="File/ImageHeight" value="4640"/>
          <property name="File/ImageWidth" value="2610"/>
          <property name="System/FileModifyDate" value="2016:10:30 13:36:24"/>
          <property name="System/FileSize" value="3352523"/>
        </meta>
      </photo>
    </camera>
    <camera camera_id="39">
      <photo path="../../../Photos (5)/IMG_20161030_133625.jpg">
        <meta>
          <property name="Exif/ApertureValue" value="2"/>
          <property name="Exif/DateTime" value="2016:10:30 13:36:25"/>
          <property name="Exif/DateTimeOriginal" value="2016:10:30 13:36:25"/>
          <property name="Exif/ExposureTime" value="0.01"/>
          <property name="Exif/FNumber" value="2"/>
          <property name="Exif/FocalLength" value="4.26"/>
          <property name="Exif/FocalLengthIn35mmFilm" value="25"/>
          <property name="Exif/ISOSpeedRatings" value="125"/>
          <property name="Exif/Make" value="OnePlus"/>
          <property name="Exif/Model" value="ONEPLUS A3003"/>
          <property name="Exif/ShutterSpeedValue" value="6.643"/>
          <property name="Exif/Software" value="OnePlus3-user 6.0.1 MMB29M 26 dev-keys"/>
          <property name="File/ImageHeight" value="4640"/>
          <property name="File/ImageWidth" value="2610"/>
          <property name="System/FileModifyDate" value="2016:10:30 13:36:24"/>
          <property name="System/FileSize" value="2637933"/>
        </meta>
      </photo>
    </camera>
    <camera camera_id="40">
      <photo path="../../../Photos (5)/IMG_20161030_133626.jpg">
        <meta>
          <property name="Exif/ApertureValue" value="2"/>
          <property name="Exif/DateTime" value="2016:10:30 13:36:26"/>
          <property name="Exif/DateTimeOriginal" value="2016:10:30 13:36:26"/>
          <property name="Exif/ExposureTime" value="0.01"/>
          <property name="Exif/FNumber" value="2"/>
          <property name="Exif/FocalLength" value="4.26"/>
          <property name="Exif/FocalLengthIn35mmFilm" value="25"/>
          <property name="Exif/ISOSpeedRatings" value="125"/>
          <property name="Exif/Make" value="OnePlus"/>
          <property name="Exif/Model" value="ONEPLUS A3003"/>
          <property name="Exif/ShutterSpeedValue" value="6.643"/>
          <property name="Exif/Software" value="OnePlus3-user 6.0.1 MMB29M 26 dev-keys"/>
          <property name="File/ImageHeight" value="4640"/>
          <property name="File/ImageWidth" value="2610"/>
          <property name="System/FileModifyDate" value="2016:10:30 13:36:26"/>
          <property name="System/FileSize" value="2258449"/>
        </meta>
      </photo>
    </camera>
    <camera camera_id="41">
      <photo path="../../../Photos (5)/IMG_20161030_133627.jpg">
        <meta>
          <property name="Exif/ApertureValue" value="2"/>
          <property name="Exif/DateTime" value="2016:10:30 13:36:27"/>
          <property name="Exif/DateTimeOriginal" value="2016:10:30 13:36:27"/>
          <property name="Exif/ExposureTime" value="0.0099009900990099"/>
          <property name="Exif/FNumber" value="2"/>
          <property name="Exif/FocalLength" value="4.26"/>
          <property name="Exif/FocalLengthIn35mmFilm" value="25"/>
          <property name="Exif/ISOSpeedRatings" value="100"/>
          <property name="Exif/Make" value="OnePlus"/>
          <property name="Exif/Model" value="ONEPLUS A3003"/>
          <property name="Exif/ShutterSpeedValue" value="6.661"/>
          <property name="Exif/Software" value="OnePlus3-user 6.0.1 MMB29M 26 dev-keys"/>
          <property name="File/ImageHeight" value="4640"/>
          <property name="File/ImageWidth" value="2610"/>
          <property name="System/FileModifyDate" value="2016:10:30 13:36:26"/>
          <property name="System/FileSize" value="2489072"/>
        </meta>
      </photo>
    </camera>
    <camera camera_id="42">
      <photo path="../../../Photos (5)/IMG_20161030_133628.jpg">
        <meta>
          <property name="Exif/ApertureValue" value="2"/>
          <property name="Exif/DateTime" value="2016:10:30 13:36:28"/>
          <property name="Exif/DateTimeOriginal" value="2016:10:30 13:36:28"/>
          <property name="Exif/ExposureTime" value="0.01"/>
          <property name="Exif/FNumber" value="2"/>
          <property name="Exif/FocalLength" value="4.26"/>
          <property name="Exif/FocalLengthIn35mmFilm" value="25"/>
          <property name="Exif/ISOSpeedRatings" value="125"/>
          <property name="Exif/Make" value="OnePlus"/>
          <property name="Exif/Model" value="ONEPLUS A3003"/>
          <property name="Exif/ShutterSpeedValue" value="6.643"/>
          <property name="Exif/Software" value="OnePlus3-user 6.0.1 MMB29M 26 dev-keys"/>
          <property name="File/ImageHeight" value="4640"/>
          <property name="File/ImageWidth" value="2610"/>
          <property name="System/FileModifyDate" value="2016:10:30 13:36:28"/>
          <property name="System/FileSize" value="2260060"/>
        </meta>
      </photo>
    </camera>
    <camera camera_id="43">
      <photo path="../../../Photos (5)/IMG_20161030_133629.jpg">
        <meta>
          <property name="Exif/ApertureValue" value="2"/>
          <property name="Exif/DateTime" value="2016:10:30 13:36:29"/>
          <property name="Exif/DateTimeOriginal" value="2016:10:30 13:36:29"/>
          <property name="Exif/ExposureTime" value="0.00961538461538462"/>
          <property name="Exif/FNumber" value="2"/>
          <property name="Exif/FocalLength" value="4.26"/>
          <property name="Exif/FocalLengthIn35mmFilm" value="25"/>
          <property name="Exif/ISOSpeedRatings" value="100"/>
          <property name="Exif/Make" value="OnePlus"/>
          <property name="Exif/Model" value="ONEPLUS A3003"/>
          <property name="Exif/ShutterSpeedValue" value="6.703"/>
          <property name="Exif/Software" value="OnePlus3-user 6.0.1 MMB29M 26 dev-keys"/>
          <property name="File/ImageHeight" value="4640"/>
          <property name="File/ImageWidth" value="2610"/>
          <property name="System/FileModifyDate" value="2016:10:30 13:36:28"/>
          <property name="System/FileSize" value="3144988"/>
        </meta>
      </photo>
    </camera>
    <camera camera_id="44">
      <photo path="../../../Photos (5)/IMG_20161030_133630.jpg">
        <meta>
          <property name="Exif/ApertureValue" value="2"/>
          <property name="Exif/DateTime" value="2016:10:30 13:36:30"/>
          <property name="Exif/DateTimeOriginal" value="2016:10:30 13:36:30"/>
          <property name="Exif/ExposureTime" value="0.00961538461538462"/>
          <property name="Exif/FNumber" value="2"/>
          <property name="Exif/FocalLength" value="4.26"/>
          <property name="Exif/FocalLengthIn35mmFilm" value="25"/>
          <property name="Exif/ISOSpeedRatings" value="100"/>
          <property name="Exif/Make" value="OnePlus"/>
          <property name="Exif/Model" value="ONEPLUS A3003"/>
          <property name="Exif/ShutterSpeedValue" value="6.703"/>
          <property name="Exif/Software" value="OnePlus3-user 6.0.1 MMB29M 26 dev-keys"/>
          <property name="File/ImageHeight" value="2048"/>
          <property name="File/ImageWidth" value="1152"/>
          <property name="System/FileModifyDate" value="2016:10:30 13:36:30"/>
          <property name="System/FileSize" value="537943"/>
        </meta>
      </photo>
    </camera>
    <camera camera_id="45">
      <photo path="../../../Photos (5)/IMG_20161030_133631.jpg">
        <meta>
          <property name="Exif/ApertureValue" value="2"/>
          <property name="Exif/DateTime" value="2016:10:30 13:36:31"/>
          <property name="Exif/DateTimeOriginal" value="2016:10:30 13:36:31"/>
          <property name="Exif/ExposureTime" value="0.00909090909090909"/>
          <property name="Exif/FNumber" value="2"/>
          <property name="Exif/FocalLength" value="4.26"/>
          <property name="Exif/FocalLengthIn35mmFilm" value="25"/>
          <property name="Exif/ISOSpeedRatings" value="100"/>
          <property name="Exif/Make" value="OnePlus"/>
          <property name="Exif/Model" value="ONEPLUS A3003"/>
          <property name="Exif/ShutterSpeedValue" value="6.786"/>
          <property name="Exif/Software" value="OnePlus3-user 6.0.1 MMB29M 26 dev-keys"/>
          <property name="File/ImageHeight" value="4640"/>
          <property name="File/ImageWidth" value="2610"/>
          <property name="System/FileModifyDate" value="2016:10:30 13:36:30"/>
          <property name="System/FileSize" value="2549572"/>
        </meta>
      </photo>
    </camera>
    <camera camera_id="46">
      <photo path="../../../Photos (5)/IMG_20161030_133632.jpg">
        <meta>
          <property name="Exif/ApertureValue" value="2"/>
          <property name="Exif/DateTime" value="2016:10:30 13:36:32"/>
          <property name="Exif/DateTimeOriginal" value="2016:10:30 13:36:32"/>
          <property name="Exif/ExposureTime" value="0.00961538461538462"/>
          <property name="Exif/FNumber" value="2"/>
          <property name="Exif/FocalLength" value="4.26"/>
          <property name="Exif/FocalLengthIn35mmFilm" value="25"/>
          <property name="Exif/ISOSpeedRatings" value="100"/>
          <property name="Exif/Make" value="OnePlus"/>
          <property name="Exif/Model" value="ONEPLUS A3003"/>
          <property name="Exif/ShutterSpeedValue" value="6.703"/>
          <property name="Exif/Software" value="OnePlus3-user 6.0.1 MMB29M 26 dev-keys"/>
          <property name="File/ImageHeight" value="4640"/>
          <property name="File/ImageWidth" value="2610"/>
          <property name="System/FileModifyDate" value="2016:10:30 13:36:32"/>
          <property name="System/FileSize" value="1179546"/>
        </meta>
      </photo>
    </camera>
    <camera camera_id="47">
      <photo path="../../../Photos (5)/IMG_20161030_133633.jpg">
        <meta>
          <property name="Exif/ApertureValue" value="2"/>
          <property name="Exif/DateTime" value="2016:10:30 13:36:33"/>
          <property name="Exif/DateTimeOriginal" value="2016:10:30 13:36:33"/>
          <property name="Exif/ExposureTime" value="0.00934579439252336"/>
          <property name="Exif/FNumber" value="2"/>
          <property name="Exif/FocalLength" value="4.26"/>
          <property name="Exif/FocalLengthIn35mmFilm" value="25"/>
          <property name="Exif/ISOSpeedRatings" value="100"/>
          <property name="Exif/Make" value="OnePlus"/>
          <property name="Exif/Model" value="ONEPLUS A3003"/>
          <property name="Exif/ShutterSpeedValue" value="6.745"/>
          <property name="Exif/Software" value="OnePlus3-user 6.0.1 MMB29M 26 dev-keys"/>
          <property name="File/ImageHeight" value="4640"/>
          <property name="File/ImageWidth" value="2610"/>
          <property name="System/FileModifyDate" value="2016:10:30 13:36:32"/>
          <property name="System/FileSize" value="1085407"/>
        </meta>
      </photo>
    </camera>
    <camera camera_id="48">
      <photo path="../../../Photos (5)/IMG_20161030_133634.jpg">
        <meta>
          <property name="Exif/ApertureValue" value="2"/>
          <property name="Exif/DateTime" value="2016:10:30 13:36:34"/>
          <property name="Exif/DateTimeOriginal" value="2016:10:30 13:36:34"/>
          <property name="Exif/ExposureTime" value="0.01"/>
          <property name="Exif/FNumber" value="2"/>
          <property name="Exif/FocalLength" value="4.26"/>
          <property name="Exif/FocalLengthIn35mmFilm" value="25"/>
          <property name="Exif/ISOSpeedRatings" value="125"/>
          <property name="Exif/Make" value="OnePlus"/>
          <property name="Exif/Model" value="ONEPLUS A3003"/>
          <property name="Exif/ShutterSpeedValue" value="6.643"/>
          <property name="Exif/Software" value="OnePlus3-user 6.0.1 MMB29M 26 dev-keys"/>
          <property name="File/ImageHeight" value="4640"/>
          <property name="File/ImageWidth" value="2610"/>
          <property name="System/FileModifyDate" value="2016:10:30 13:36:34"/>
          <property name="System/FileSize" value="2929777"/>
        </meta>
      </photo>
    </camera>
    <camera camera_id="49">
      <photo path="../../../Photos (5)/IMG_20161030_133635.jpg">
        <meta>
          <property name="Exif/ApertureValue" value="2"/>
          <property name="Exif/DateTime" value="2016:10:30 13:36:35"/>
          <property name="Exif/DateTimeOriginal" value="2016:10:30 13:36:35"/>
          <property name="Exif/ExposureTime" value="0.01"/>
          <property name="Exif/FNumber" value="2"/>
          <property name="Exif/FocalLength" value="4.26"/>
          <property name="Exif/FocalLengthIn35mmFilm" value="25"/>
          <property name="Exif/ISOSpeedRatings" value="125"/>
          <property name="Exif/Make" value="OnePlus"/>
          <property name="Exif/Model" value="ONEPLUS A3003"/>
          <property name="Exif/ShutterSpeedValue" value="6.643"/>
          <property name="Exif/Software" value="OnePlus3-user 6.0.1 MMB29M 26 dev-keys"/>
          <property name="File/ImageHeight" value="4640"/>
          <property name="File/ImageWidth" value="2610"/>
          <property name="System/FileModifyDate" value="2016:10:30 13:36:34"/>
          <property name="System/FileSize" value="3349285"/>
        </meta>
      </photo>
    </camera>
    <camera camera_id="50">
      <photo path="../../../Photos (5)/IMG_20161030_133637.jpg">
        <meta>
          <property name="Exif/ApertureValue" value="2"/>
          <property name="Exif/DateTime" value="2016:10:30 13:36:37"/>
          <property name="Exif/DateTimeOriginal" value="2016:10:30 13:36:37"/>
          <property name="Exif/ExposureTime" value="0.01"/>
          <property name="Exif/FNumber" value="2"/>
          <property name="Exif/FocalLength" value="4.26"/>
          <property name="Exif/FocalLengthIn35mmFilm" value="25"/>
          <property name="Exif/ISOSpeedRatings" value="125"/>
          <property name="Exif/Make" value="OnePlus"/>
          <property name="Exif/Model" value="ONEPLUS A3003"/>
          <property name="Exif/ShutterSpeedValue" value="6.643"/>
          <property name="Exif/Software" value="OnePlus3-user 6.0.1 MMB29M 26 dev-keys"/>
          <property name="File/ImageHeight" value="4640"/>
          <property name="File/ImageWidth" value="2610"/>
          <property name="System/FileModifyDate" value="2016:10:30 13:36:36"/>
          <property name="System/FileSize" value="1853495"/>
        </meta>
      </photo>
    </camera>
    <camera camera_id="51">
      <photo path="../../../Photos (5)/IMG_20161030_133638.jpg">
        <meta>
          <property name="Exif/ApertureValue" value="2"/>
          <property name="Exif/DateTime" value="2016:10:30 13:36:37"/>
          <property name="Exif/DateTimeOriginal" value="2016:10:30 13:36:37"/>
          <property name="Exif/ExposureTime" value="0.00961538461538462"/>
          <property name="Exif/FNumber" value="2"/>
          <property name="Exif/FocalLength" value="4.26"/>
          <property name="Exif/FocalLengthIn35mmFilm" value="25"/>
          <property name="Exif/ISOSpeedRatings" value="100"/>
          <property name="Exif/Make" value="OnePlus"/>
          <property name="Exif/Model" value="ONEPLUS A3003"/>
          <property name="Exif/ShutterSpeedValue" value="6.703"/>
          <property name="Exif/Software" value="OnePlus3-user 6.0.1 MMB29M 26 dev-keys"/>
          <property name="File/ImageHeight" value="4640"/>
          <property name="File/ImageWidth" value="2610"/>
          <property name="System/FileModifyDate" value="2016:10:30 13:36:36"/>
          <property name="System/FileSize" value="2458838"/>
        </meta>
      </photo>
    </camera>
    <camera camera_id="52">
      <photo path="../../../Photos (5)/IMG_20161030_133639.jpg">
        <meta>
          <property name="Exif/ApertureValue" value="2"/>
          <property name="Exif/DateTime" value="2016:10:30 13:36:39"/>
          <property name="Exif/DateTimeOriginal" value="2016:10:30 13:36:39"/>
          <property name="Exif/ExposureTime" value="0.00961538461538462"/>
          <property name="Exif/FNumber" value="2"/>
          <property name="Exif/FocalLength" value="4.26"/>
          <property name="Exif/FocalLengthIn35mmFilm" value="25"/>
          <property name="Exif/ISOSpeedRatings" value="100"/>
          <property name="Exif/Make" value="OnePlus"/>
          <property name="Exif/Model" value="ONEPLUS A3003"/>
          <property name="Exif/ShutterSpeedValue" value="6.703"/>
          <property name="Exif/Software" value="OnePlus3-user 6.0.1 MMB29M 26 dev-keys"/>
          <property name="File/ImageHeight" value="4640"/>
          <property name="File/ImageWidth" value="2610"/>
          <property name="System/FileModifyDate" value="2016:10:30 13:36:38"/>
          <property name="System/FileSize" value="2505305"/>
        </meta>
      </photo>
    </camera>
    <camera camera_id="53">
      <photo path="../../../Photos (5)/IMG_20161030_133640.jpg">
        <meta>
          <property name="Exif/ApertureValue" value="2"/>
          <property name="Exif/DateTime" value="2016:10:30 13:36:40"/>
          <property name="Exif/DateTimeOriginal" value="2016:10:30 13:36:40"/>
          <property name="Exif/ExposureTime" value="0.0099009900990099"/>
          <property name="Exif/FNumber" value="2"/>
          <property name="Exif/FocalLength" value="4.26"/>
          <property name="Exif/FocalLengthIn35mmFilm" value="25"/>
          <property name="Exif/ISOSpeedRatings" value="100"/>
          <property name="Exif/Make" value="OnePlus"/>
          <property name="Exif/Model" value="ONEPLUS A3003"/>
          <property name="Exif/ShutterSpeedValue" value="6.661"/>
          <property name="Exif/Software" value="OnePlus3-user 6.0.1 MMB29M 26 dev-keys"/>
          <property name="File/ImageHeight" value="4640"/>
          <property name="File/ImageWidth" value="2610"/>
          <property name="System/FileModifyDate" value="2016:10:30 13:36:40"/>
          <property name="System/FileSize" value="2486567"/>
        </meta>
      </photo>
    </camera>
    <camera camera_id="54">
      <photo path="../../../Photos (5)/IMG_20161030_133641.jpg">
        <meta>
          <property name="Exif/ApertureValue" value="2"/>
          <property name="Exif/DateTime" value="2016:10:30 13:36:40"/>
          <property name="Exif/DateTimeOriginal" value="2016:10:30 13:36:40"/>
          <property name="Exif/ExposureTime" value="0.0099009900990099"/>
          <property name="Exif/FNumber" value="2"/>
          <property name="Exif/FocalLength" value="4.26"/>
          <property name="Exif/FocalLengthIn35mmFilm" value="25"/>
          <property name="Exif/ISOSpeedRatings" value="100"/>
          <property name="Exif/Make" value="OnePlus"/>
          <property name="Exif/Model" value="ONEPLUS A3003"/>
          <property name="Exif/ShutterSpeedValue" value="6.661"/>
          <property name="Exif/Software" value="OnePlus3-user 6.0.1 MMB29M 26 dev-keys"/>
          <property name="File/ImageHeight" value="4640"/>
          <property name="File/ImageWidth" value="2610"/>
          <property name="System/FileModifyDate" value="2016:10:30 13:36:40"/>
          <property name="System/FileSize" value="2253105"/>
        </meta>
      </photo>
    </camera>
    <camera camera_id="55">
      <photo path="../../../Photos (5)/IMG_20161030_133642.jpg">
        <meta>
          <property name="Exif/ApertureValue" value="2"/>
          <property name="Exif/DateTime" value="2016:10:30 13:36:41"/>
          <property name="Exif/DateTimeOriginal" value="2016:10:30 13:36:41"/>
          <property name="Exif/ExposureTime" value="0.0099009900990099"/>
          <property name="Exif/FNumber" value="2"/>
          <property name="Exif/FocalLength" value="4.26"/>
          <property name="Exif/FocalLengthIn35mmFilm" value="25"/>
          <property name="Exif/ISOSpeedRatings" value="100"/>
          <property name="Exif/Make" value="OnePlus"/>
          <property name="Exif/Model" value="ONEPLUS A3003"/>
          <property name="Exif/ShutterSpeedValue" value="6.661"/>
          <property name="Exif/Software" value="OnePlus3-user 6.0.1 MMB29M 26 dev-keys"/>
          <property name="File/ImageHeight" value="4640"/>
          <property name="File/ImageWidth" value="2610"/>
          <property name="System/FileModifyDate" value="2016:10:30 13:36:40"/>
          <property name="System/FileSize" value="1530984"/>
        </meta>
      </photo>
    </camera>
    <camera camera_id="56">
      <photo path="../../../Photos (5)/IMG_20161030_133643.jpg">
        <meta>
          <property name="Exif/ApertureValue" value="2"/>
          <property name="Exif/DateTime" value="2016:10:30 13:36:42"/>
          <property name="Exif/DateTimeOriginal" value="2016:10:30 13:36:42"/>
          <property name="Exif/ExposureTime" value="0.01"/>
          <property name="Exif/FNumber" value="2"/>
          <property name="Exif/FocalLength" value="4.26"/>
          <property name="Exif/FocalLengthIn35mmFilm" value="25"/>
          <property name="Exif/ISOSpeedRatings" value="125"/>
          <property name="Exif/Make" value="OnePlus"/>
          <property name="Exif/Model" value="ONEPLUS A3003"/>
          <property name="Exif/ShutterSpeedValue" value="6.643"/>
          <property name="Exif/Software" value="OnePlus3-user 6.0.1 MMB29M 26 dev-keys"/>
          <property name="File/ImageHeight" value="4640"/>
          <property name="File/ImageWidth" value="2610"/>
          <property name="System/FileModifyDate" value="2016:10:30 13:36:42"/>
          <property name="System/FileSize" value="1587888"/>
        </meta>
      </photo>
    </camera>
    <camera camera_id="57">
      <photo path="../../../Photos (5)/IMG_20161030_133644.jpg">
        <meta>
          <property name="Exif/ApertureValue" value="2"/>
          <property name="Exif/DateTime" value="2016:10:30 13:36:44"/>
          <property name="Exif/DateTimeOriginal" value="2016:10:30 13:36:44"/>
          <property name="Exif/ExposureTime" value="0.01"/>
          <property name="Exif/FNumber" value="2"/>
          <property name="Exif/FocalLength" value="4.26"/>
          <property name="Exif/FocalLengthIn35mmFilm" value="25"/>
          <property name="Exif/ISOSpeedRatings" value="125"/>
          <property name="Exif/Make" value="OnePlus"/>
          <property name="Exif/Model" value="ONEPLUS A3003"/>
          <property name="Exif/ShutterSpeedValue" value="6.643"/>
          <property name="Exif/Software" value="OnePlus3-user 6.0.1 MMB29M 26 dev-keys"/>
          <property name="File/ImageHeight" value="4640"/>
          <property name="File/ImageWidth" value="2610"/>
          <property name="System/FileModifyDate" value="2016:10:30 13:36:44"/>
          <property name="System/FileSize" value="2992284"/>
        </meta>
      </photo>
    </camera>
    <camera camera_id="58">
      <photo path="../../../Photos (5)/IMG_20161030_133645.jpg">
        <meta>
          <property name="Exif/ApertureValue" value="2"/>
          <property name="Exif/DateTime" value="2016:10:30 13:36:44"/>
          <property name="Exif/DateTimeOriginal" value="2016:10:30 13:36:44"/>
          <property name="Exif/ExposureTime" value="0.01"/>
          <property name="Exif/FNumber" value="2"/>
          <property name="Exif/FocalLength" value="4.26"/>
          <property name="Exif/FocalLengthIn35mmFilm" value="25"/>
          <property name="Exif/ISOSpeedRatings" value="125"/>
          <property name="Exif/Make" value="OnePlus"/>
          <property name="Exif/Model" value="ONEPLUS A3003"/>
          <property name="Exif/ShutterSpeedValue" value="6.643"/>
          <property name="Exif/Software" value="OnePlus3-user 6.0.1 MMB29M 26 dev-keys"/>
          <property name="File/ImageHeight" value="4640"/>
          <property name="File/ImageWidth" value="2610"/>
          <property name="System/FileModifyDate" value="2016:10:30 13:36:44"/>
          <property name="System/FileSize" value="2512298"/>
        </meta>
      </photo>
    </camera>
    <camera camera_id="59">
      <photo path="../../../Photos (5)/IMG_20161030_133646.jpg">
        <meta>
          <property name="Exif/ApertureValue" value="2"/>
          <property name="Exif/DateTime" value="2016:10:30 13:36:45"/>
          <property name="Exif/DateTimeOriginal" value="2016:10:30 13:36:45"/>
          <property name="Exif/ExposureTime" value="0.01"/>
          <property name="Exif/FNumber" value="2"/>
          <property name="Exif/FocalLength" value="4.26"/>
          <property name="Exif/FocalLengthIn35mmFilm" value="25"/>
          <property name="Exif/ISOSpeedRatings" value="125"/>
          <property name="Exif/Make" value="OnePlus"/>
          <property name="Exif/Model" value="ONEPLUS A3003"/>
          <property name="Exif/ShutterSpeedValue" value="6.643"/>
          <property name="Exif/Software" value="OnePlus3-user 6.0.1 MMB29M 26 dev-keys"/>
          <property name="File/ImageHeight" value="4640"/>
          <property name="File/ImageWidth" value="2610"/>
          <property name="System/FileModifyDate" value="2016:10:30 13:36:44"/>
          <property name="System/FileSize" value="2921080"/>
        </meta>
      </photo>
    </camera>
    <camera camera_id="60">
      <photo path="../../../Photos (5)/IMG_20161030_133652.jpg">
        <meta>
          <property name="Exif/ApertureValue" value="2"/>
          <property name="Exif/DateTime" value="2016:10:30 13:36:51"/>
          <property name="Exif/DateTimeOriginal" value="2016:10:30 13:36:51"/>
          <property name="Exif/ExposureTime" value="0.01"/>
          <property name="Exif/FNumber" value="2"/>
          <property name="Exif/FocalLength" value="4.26"/>
          <property name="Exif/FocalLengthIn35mmFilm" value="25"/>
          <property name="Exif/ISOSpeedRatings" value="125"/>
          <property name="Exif/Make" value="OnePlus"/>
          <property name="Exif/Model" value="ONEPLUS A3003"/>
          <property name="Exif/ShutterSpeedValue" value="6.643"/>
          <property name="Exif/Software" value="OnePlus3-user 6.0.1 MMB29M 26 dev-keys"/>
          <property name="File/ImageHeight" value="4640"/>
          <property name="File/ImageWidth" value="2610"/>
          <property name="System/FileModifyDate" value="2016:10:30 13:36:50"/>
          <property name="System/FileSize" value="3236136"/>
        </meta>
      </photo>
    </camera>
    <camera camera_id="61">
      <photo path="../../../Photos (5)/IMG_20161030_133653.jpg">
        <meta>
          <property name="Exif/ApertureValue" value="2"/>
          <property name="Exif/DateTime" value="2016:10:30 13:36:52"/>
          <property name="Exif/DateTimeOriginal" value="2016:10:30 13:36:52"/>
          <property name="Exif/ExposureTime" value="0.01"/>
          <property name="Exif/FNumber" value="2"/>
          <property name="Exif/FocalLength" value="4.26"/>
          <property name="Exif/FocalLengthIn35mmFilm" value="25"/>
          <property name="Exif/ISOSpeedRatings" value="125"/>
          <property name="Exif/Make" value="OnePlus"/>
          <property name="Exif/Model" value="ONEPLUS A3003"/>
          <property name="Exif/ShutterSpeedValue" value="6.643"/>
          <property name="Exif/Software" value="OnePlus3-user 6.0.1 MMB29M 26 dev-keys"/>
          <property name="File/ImageHeight" value="4640"/>
          <property name="File/ImageWidth" value="2610"/>
          <property name="System/FileModifyDate" value="2016:10:30 13:36:52"/>
          <property name="System/FileSize" value="2125180"/>
        </meta>
      </photo>
    </camera>
    <camera camera_id="62">
      <photo path="../../../Photos (5)/IMG_20161030_133653_01.jpg">
        <meta>
          <property name="Exif/ApertureValue" value="2"/>
          <property name="Exif/DateTime" value="2016:10:30 13:36:53"/>
          <property name="Exif/DateTimeOriginal" value="2016:10:30 13:36:53"/>
          <property name="Exif/ExposureTime" value="0.01"/>
          <property name="Exif/FNumber" value="2"/>
          <property name="Exif/FocalLength" value="4.26"/>
          <property name="Exif/FocalLengthIn35mmFilm" value="25"/>
          <property name="Exif/ISOSpeedRatings" value="125"/>
          <property name="Exif/Make" value="OnePlus"/>
          <property name="Exif/Model" value="ONEPLUS A3003"/>
          <property name="Exif/ShutterSpeedValue" value="6.643"/>
          <property name="Exif/Software" value="OnePlus3-user 6.0.1 MMB29M 26 dev-keys"/>
          <property name="File/ImageHeight" value="4640"/>
          <property name="File/ImageWidth" value="2610"/>
          <property name="System/FileModifyDate" value="2016:10:30 13:36:52"/>
          <property name="System/FileSize" value="3136497"/>
        </meta>
      </photo>
    </camera>
    <camera camera_id="63">
      <photo path="../../../Photos (5)/IMG_20161030_133654.jpg">
        <meta>
          <property name="Exif/ApertureValue" value="2"/>
          <property name="Exif/DateTime" value="2016:10:30 13:36:54"/>
          <property name="Exif/DateTimeOriginal" value="2016:10:30 13:36:54"/>
          <property name="Exif/ExposureTime" value="0.01"/>
          <property name="Exif/FNumber" value="2"/>
          <property name="Exif/FocalLength" value="4.26"/>
          <property name="Exif/FocalLengthIn35mmFilm" value="25"/>
          <property name="Exif/ISOSpeedRatings" value="125"/>
          <property name="Exif/Make" value="OnePlus"/>
          <property name="Exif/Model" value="ONEPLUS A3003"/>
          <property name="Exif/ShutterSpeedValue" value="6.643"/>
          <property name="Exif/Software" value="OnePlus3-user 6.0.1 MMB29M 26 dev-keys"/>
          <property name="File/ImageHeight" value="4640"/>
          <property name="File/ImageWidth" value="2610"/>
          <property name="System/FileModifyDate" value="2016:10:30 13:36:54"/>
          <property name="System/FileSize" value="2692337"/>
        </meta>
      </photo>
    </camera>
    <camera camera_id="64">
      <photo path="../../../Photos (5)/IMG_20161030_133655.jpg">
        <meta>
          <property name="Exif/ApertureValue" value="2"/>
          <property name="Exif/DateTime" value="2016:10:30 13:36:55"/>
          <property name="Exif/DateTimeOriginal" value="2016:10:30 13:36:55"/>
          <property name="Exif/ExposureTime" value="0.01"/>
          <property name="Exif/FNumber" value="2"/>
          <property name="Exif/FocalLength" value="4.26"/>
          <property name="Exif/FocalLengthIn35mmFilm" value="25"/>
          <property name="Exif/ISOSpeedRatings" value="125"/>
          <property name="Exif/Make" value="OnePlus"/>
          <property name="Exif/Model" value="ONEPLUS A3003"/>
          <property name="Exif/ShutterSpeedValue" value="6.643"/>
          <property name="Exif/Software" value="OnePlus3-user 6.0.1 MMB29M 26 dev-keys"/>
          <property name="File/ImageHeight" value="4640"/>
          <property name="File/ImageWidth" value="2610"/>
          <property name="System/FileModifyDate" value="2016:10:30 13:36:54"/>
          <property name="System/FileSize" value="2426609"/>
        </meta>
      </photo>
    </camera>
    <camera camera_id="65">
      <photo path="../../../Photos (5)/IMG_20161030_133657.jpg">
        <meta>
          <property name="Exif/ApertureValue" value="2"/>
          <property name="Exif/DateTime" value="2016:10:30 13:36:57"/>
          <property name="Exif/DateTimeOriginal" value="2016:10:30 13:36:57"/>
          <property name="Exif/ExposureTime" value="0.00934579439252336"/>
          <property name="Exif/FNumber" value="2"/>
          <property name="Exif/FocalLength" value="4.26"/>
          <property name="Exif/FocalLengthIn35mmFilm" value="25"/>
          <property name="Exif/ISOSpeedRatings" value="100"/>
          <property name="Exif/Make" value="OnePlus"/>
          <property name="Exif/Model" value="ONEPLUS A3003"/>
          <property name="Exif/ShutterSpeedValue" value="6.745"/>
          <property name="Exif/Software" value="OnePlus3-user 6.0.1 MMB29M 26 dev-keys"/>
          <property name="File/ImageHeight" value="4640"/>
          <property name="File/ImageWidth" value="2610"/>
          <property name="System/FileModifyDate" value="2016:10:30 13:36:56"/>
          <property name="System/FileSize" value="2771773"/>
        </meta>
      </photo>
    </camera>
    <camera camera_id="66">
      <photo path="../../../Photos (5)/IMG_20161030_133659.jpg">
        <meta>
          <property name="Exif/ApertureValue" value="2"/>
          <property name="Exif/DateTime" value="2016:10:30 13:36:58"/>
          <property name="Exif/DateTimeOriginal" value="2016:10:30 13:36:58"/>
          <property name="Exif/ExposureTime" value="0.00961538461538462"/>
          <property name="Exif/FNumber" value="2"/>
          <property name="Exif/FocalLength" value="4.26"/>
          <property name="Exif/FocalLengthIn35mmFilm" value="25"/>
          <property name="Exif/ISOSpeedRatings" value="100"/>
          <property name="Exif/Make" value="OnePlus"/>
          <property name="Exif/Model" value="ONEPLUS A3003"/>
          <property name="Exif/ShutterSpeedValue" value="6.703"/>
          <property name="Exif/Software" value="OnePlus3-user 6.0.1 MMB29M 26 dev-keys"/>
          <property name="File/ImageHeight" value="4640"/>
          <property name="File/ImageWidth" value="2610"/>
          <property name="System/FileModifyDate" value="2016:10:30 13:36:58"/>
          <property name="System/FileSize" value="1793859"/>
        </meta>
      </photo>
    </camera>
    <camera camera_id="67">
      <photo path="../../../Photos (5)/IMG_20161030_133700.jpg">
        <meta>
          <property name="Exif/ApertureValue" value="2"/>
          <property name="Exif/DateTime" value="2016:10:30 13:37:00"/>
          <property name="Exif/DateTimeOriginal" value="2016:10:30 13:37:00"/>
          <property name="Exif/ExposureTime" value="0.01"/>
          <property name="Exif/FNumber" value="2"/>
          <property name="Exif/FocalLength" value="4.26"/>
          <property name="Exif/FocalLengthIn35mmFilm" value="25"/>
          <property name="Exif/ISOSpeedRatings" value="125"/>
          <property name="Exif/Make" value="OnePlus"/>
          <property name="Exif/Model" value="ONEPLUS A3003"/>
          <property name="Exif/ShutterSpeedValue" value="6.643"/>
          <property name="Exif/Software" value="OnePlus3-user 6.0.1 MMB29M 26 dev-keys"/>
          <property name="File/ImageHeight" value="4640"/>
          <property name="File/ImageWidth" value="2610"/>
          <property name="System/FileModifyDate" value="2016:10:30 13:37:00"/>
          <property name="System/FileSize" value="1673496"/>
        </meta>
      </photo>
    </camera>
    <camera camera_id="68">
      <photo path="../../../Photos (5)/IMG_20161030_133703.jpg">
        <meta>
          <property name="Exif/ApertureValue" value="2"/>
          <property name="Exif/DateTime" value="2016:10:30 13:37:02"/>
          <property name="Exif/DateTimeOriginal" value="2016:10:30 13:37:02"/>
          <property name="Exif/ExposureTime" value="0.01"/>
          <property name="Exif/FNumber" value="2"/>
          <property name="Exif/FocalLength" value="4.26"/>
          <property name="Exif/FocalLengthIn35mmFilm" value="25"/>
          <property name="Exif/ISOSpeedRatings" value="125"/>
          <property name="Exif/Make" value="OnePlus"/>
          <property name="Exif/Model" value="ONEPLUS A3003"/>
          <property name="Exif/ShutterSpeedValue" value="6.643"/>
          <property name="Exif/Software" value="OnePlus3-user 6.0.1 MMB29M 26 dev-keys"/>
          <property name="File/ImageHeight" value="4640"/>
          <property name="File/ImageWidth" value="2610"/>
          <property name="System/FileModifyDate" value="2016:10:30 13:37:02"/>
          <property name="System/FileSize" value="2025027"/>
        </meta>
      </photo>
    </camera>
    <camera camera_id="69">
      <photo path="../../../Photos (5)/IMG_20161030_133704.jpg">
        <meta>
          <property name="Exif/ApertureValue" value="2"/>
          <property name="Exif/DateTime" value="2016:10:30 13:37:03"/>
          <property name="Exif/DateTimeOriginal" value="2016:10:30 13:37:03"/>
          <property name="Exif/ExposureTime" value="0.01"/>
          <property name="Exif/FNumber" value="2"/>
          <property name="Exif/FocalLength" value="4.26"/>
          <property name="Exif/FocalLengthIn35mmFilm" value="25"/>
          <property name="Exif/ISOSpeedRatings" value="125"/>
          <property name="Exif/Make" value="OnePlus"/>
          <property name="Exif/Model" value="ONEPLUS A3003"/>
          <property name="Exif/ShutterSpeedValue" value="6.643"/>
          <property name="Exif/Software" value="OnePlus3-user 6.0.1 MMB29M 26 dev-keys"/>
          <property name="File/ImageHeight" value="4640"/>
          <property name="File/ImageWidth" value="2610"/>
          <property name="System/FileModifyDate" value="2016:10:30 13:37:02"/>
          <property name="System/FileSize" value="2222928"/>
        </meta>
      </photo>
    </camera>
    <camera camera_id="70">
      <photo path="../../../Photos (5)/IMG_20161030_133706.jpg">
        <meta>
          <property name="Exif/ApertureValue" value="2"/>
          <property name="Exif/DateTime" value="2016:10:30 13:37:06"/>
          <property name="Exif/DateTimeOriginal" value="2016:10:30 13:37:06"/>
          <property name="Exif/ExposureTime" value="0.01"/>
          <property name="Exif/FNumber" value="2"/>
          <property name="Exif/FocalLength" value="4.26"/>
          <property name="Exif/FocalLengthIn35mmFilm" value="25"/>
          <property name="Exif/ISOSpeedRatings" value="125"/>
          <property name="Exif/Make" value="OnePlus"/>
          <property name="Exif/Model" value="ONEPLUS A3003"/>
          <property name="Exif/ShutterSpeedValue" value="6.643"/>
          <property name="Exif/Software" value="OnePlus3-user 6.0.1 MMB29M 26 dev-keys"/>
          <property name="File/ImageHeight" value="4640"/>
          <property name="File/ImageWidth" value="2610"/>
          <property name="System/FileModifyDate" value="2016:10:30 13:37:06"/>
          <property name="System/FileSize" value="3407840"/>
        </meta>
      </photo>
    </camera>
    <camera camera_id="71">
      <photo path="../../../Photos (5)/IMG_20161030_133730.jpg">
        <meta>
          <property name="Exif/ApertureValue" value="2"/>
          <property name="Exif/DateTime" value="2016:10:30 13:37:30"/>
          <property name="Exif/DateTimeOriginal" value="2016:10:30 13:37:30"/>
          <property name="Exif/ExposureTime" value="0.00909090909090909"/>
          <property name="Exif/FNumber" value="2"/>
          <property name="Exif/FocalLength" value="4.26"/>
          <property name="Exif/FocalLengthIn35mmFilm" value="25"/>
          <property name="Exif/ISOSpeedRatings" value="100"/>
          <property name="Exif/Make" value="OnePlus"/>
          <property name="Exif/Model" value="ONEPLUS A3003"/>
          <property name="Exif/ShutterSpeedValue" value="6.786"/>
          <property name="Exif/Software" value="OnePlus3-user 6.0.1 MMB29M 26 dev-keys"/>
          <property name="File/ImageHeight" value="4640"/>
          <property name="File/ImageWidth" value="2610"/>
          <property name="System/FileModifyDate" value="2016:10:30 13:37:30"/>
          <property name="System/FileSize" value="2324126"/>
        </meta>
      </photo>
    </camera>
    <camera camera_id="72">
      <photo path="../../../Photos (5)/IMG_20161030_133731.jpg">
        <meta>
          <property name="Exif/ApertureValue" value="2"/>
          <property name="Exif/DateTime" value="2016:10:30 13:37:31"/>
          <property name="Exif/DateTimeOriginal" value="2016:10:30 13:37:31"/>
          <property name="Exif/ExposureTime" value="0.00934579439252336"/>
          <property name="Exif/FNumber" value="2"/>
          <property name="Exif/FocalLength" value="4.26"/>
          <property name="Exif/FocalLengthIn35mmFilm" value="25"/>
          <property name="Exif/ISOSpeedRatings" value="100"/>
          <property name="Exif/Make" value="OnePlus"/>
          <property name="Exif/Model" value="ONEPLUS A3003"/>
          <property name="Exif/ShutterSpeedValue" value="6.745"/>
          <property name="Exif/Software" value="OnePlus3-user 6.0.1 MMB29M 26 dev-keys"/>
          <property name="File/ImageHeight" value="4640"/>
          <property name="File/ImageWidth" value="2610"/>
          <property name="System/FileModifyDate" value="2016:10:30 13:37:30"/>
          <property name="System/FileSize" value="2971833"/>
        </meta>
      </photo>
    </camera>
    <camera camera_id="73">
      <photo path="../../../Photos (5)/IMG_20161030_133732.jpg">
        <meta>
          <property name="Exif/ApertureValue" value="2"/>
          <property name="Exif/DateTime" value="2016:10:30 13:37:32"/>
          <property name="Exif/DateTimeOriginal" value="2016:10:30 13:37:32"/>
          <property name="Exif/ExposureTime" value="0.00934579439252336"/>
          <property name="Exif/FNumber" value="2"/>
          <property name="Exif/FocalLength" value="4.26"/>
          <property name="Exif/FocalLengthIn35mmFilm" value="25"/>
          <property name="Exif/ISOSpeedRatings" value="100"/>
          <property name="Exif/Make" value="OnePlus"/>
          <property name="Exif/Model" value="ONEPLUS A3003"/>
          <property name="Exif/ShutterSpeedValue" value="6.745"/>
          <property name="Exif/Software" value="OnePlus3-user 6.0.1 MMB29M 26 dev-keys"/>
          <property name="File/ImageHeight" value="4640"/>
          <property name="File/ImageWidth" value="2610"/>
          <property name="System/FileModifyDate" value="2016:10:30 13:37:32"/>
          <property name="System/FileSize" value="2583756"/>
        </meta>
      </photo>
    </camera>
    <camera camera_id="74">
      <photo path="../../../Photos (5)/IMG_20161030_133733.jpg">
        <meta>
          <property name="Exif/ApertureValue" value="2"/>
          <property name="Exif/DateTime" value="2016:10:30 13:37:33"/>
          <property name="Exif/DateTimeOriginal" value="2016:10:30 13:37:33"/>
          <property name="Exif/ExposureTime" value="0.00934579439252336"/>
          <property name="Exif/FNumber" value="2"/>
          <property name="Exif/FocalLength" value="4.26"/>
          <property name="Exif/FocalLengthIn35mmFilm" value="25"/>
          <property name="Exif/ISOSpeedRatings" value="100"/>
          <property name="Exif/Make" value="OnePlus"/>
          <property name="Exif/Model" value="ONEPLUS A3003"/>
          <property name="Exif/ShutterSpeedValue" value="6.745"/>
          <property name="Exif/Software" value="OnePlus3-user 6.0.1 MMB29M 26 dev-keys"/>
          <property name="File/ImageHeight" value="4640"/>
          <property name="File/ImageWidth" value="2610"/>
          <property name="System/FileModifyDate" value="2016:10:30 13:37:32"/>
          <property name="System/FileSize" value="3070782"/>
        </meta>
      </photo>
    </camera>
    <camera camera_id="75">
      <photo path="../../../Photos (5)/IMG_20161030_133734.jpg">
        <meta>
          <property name="Exif/ApertureValue" value="2"/>
          <property name="Exif/DateTime" value="2016:10:30 13:37:34"/>
          <property name="Exif/DateTimeOriginal" value="2016:10:30 13:37:34"/>
          <property name="Exif/ExposureTime" value="0.0099009900990099"/>
          <property name="Exif/FNumber" value="2"/>
          <property name="Exif/FocalLength" value="4.26"/>
          <property name="Exif/FocalLengthIn35mmFilm" value="25"/>
          <property name="Exif/ISOSpeedRatings" value="100"/>
          <property name="Exif/Make" value="OnePlus"/>
          <property name="Exif/Model" value="ONEPLUS A3003"/>
          <property name="Exif/ShutterSpeedValue" value="6.661"/>
          <property name="Exif/Software" value="OnePlus3-user 6.0.1 MMB29M 26 dev-keys"/>
          <property name="File/ImageHeight" value="4640"/>
          <property name="File/ImageWidth" value="2610"/>
          <property name="System/FileModifyDate" value="2016:10:30 13:37:34"/>
          <property name="System/FileSize" value="2080845"/>
        </meta>
      </photo>
    </camera>
    <camera camera_id="76">
      <photo path="../../../Photos (5)/IMG_20161030_133735.jpg">
        <meta>
          <property name="Exif/ApertureValue" value="2"/>
          <property name="Exif/DateTime" value="2016:10:30 13:37:35"/>
          <property name="Exif/DateTimeOriginal" value="2016:10:30 13:37:35"/>
          <property name="Exif/ExposureTime" value="0.01"/>
          <property name="Exif/FNumber" value="2"/>
          <property name="Exif/FocalLength" value="4.26"/>
          <property name="Exif/FocalLengthIn35mmFilm" value="25"/>
          <property name="Exif/ISOSpeedRatings" value="125"/>
          <property name="Exif/Make" value="OnePlus"/>
          <property name="Exif/Model" value="ONEPLUS A3003"/>
          <property name="Exif/ShutterSpeedValue" value="6.643"/>
          <property name="Exif/Software" value="OnePlus3-user 6.0.1 MMB29M 26 dev-keys"/>
          <property name="File/ImageHeight" value="4640"/>
          <property name="File/ImageWidth" value="2610"/>
          <property name="System/FileModifyDate" value="2016:10:30 13:37:34"/>
          <property name="System/FileSize" value="2978427"/>
        </meta>
      </photo>
    </camera>
  </cameras>
  <thumbnails path="thumbnails/thumbnails.zip"/>
  <point_cloud path="point_cloud/point_cloud.zip"/>
  <depth_maps path="depth_maps/depth_maps.zip"/>
  <dense_cloud path="dense_cloud/dense_cloud.zip"/>
  <model path="model/model.zip"/>
</frame>
